,cost,final_depths,final_filling
0,96878.14057298671,0.03,0.0
1,96878.14057298671,0.09,0.01
2,96878.14057298671,0.07,0.01
3,96878.14057298671,0.05,0.0
4,96878.14057298671,0.01,0.0
5,96878.14057298671,0.0,0.0
6,96878.14057298671,0.01,0.0
7,96878.14057298671,0.0,0.0
8,96878.14057298671,0.0,0.0
