,cost,final_depths,final_filling
0,115624.71132811726,0.02,0.0
1,115624.71132811726,0.09,0.01
2,115624.71132811726,0.06,0.01
3,115624.71132811726,0.05,0.0
4,115624.71132811726,0.01,0.0
5,115624.71132811726,0.0,0.0
6,115624.71132811726,0.0,0.0
7,115624.71132811726,0.0,0.0
8,115624.71132811726,0.0,0.0
