,cost,final_depths,final_filling
0,126138.63781872466,0.03,0.0
1,126138.63781872466,0.1,0.01
2,126138.63781872466,0.07,0.01
3,126138.63781872466,0.06,0.01
4,126138.63781872466,0.01,0.0
5,126138.63781872466,0.0,0.0
6,126138.63781872466,0.0,0.0
7,126138.63781872466,0.0,0.0
8,126138.63781872466,0.0,0.0
