,cost,final_depths,final_filling
0,267608.1562036521,0.01,0.0
1,267608.1562036521,0.06,0.01
2,267608.1562036521,0.04,0.0
3,267608.1562036521,0.04,0.0
4,267608.1562036521,0.01,0.0
5,267608.1562036521,0.0,0.0
6,267608.1562036521,0.01,0.0
7,267608.1562036521,0.0,0.0
8,267608.1562036521,0.0,0.0
