,cost,final_depths,final_filling
0,203590.67106937274,0.01,0.0
1,203590.67106937274,0.06,0.01
2,203590.67106937274,0.04,0.0
3,203590.67106937274,0.04,0.0
4,203590.67106937274,0.01,0.0
5,203590.67106937274,0.0,0.0
6,203590.67106937274,0.01,0.0
7,203590.67106937274,0.0,0.0
8,203590.67106937274,0.0,0.0
