,cost,final_depths,final_filling
0,123185.09754207346,0.03,0.0
1,123185.09754207346,0.08,0.01
2,123185.09754207346,0.06,0.01
3,123185.09754207346,0.05,0.0
4,123185.09754207346,0.01,0.0
5,123185.09754207346,0.0,0.0
6,123185.09754207346,0.0,0.0
7,123185.09754207346,0.0,0.0
8,123185.09754207346,0.0,0.0
