,cost,final_depths,final_filling
0,12101.07436371925,0.04,0.0
1,12101.07436371925,0.1,0.01
2,12101.07436371925,0.07,0.01
3,12101.07436371925,0.06,0.01
4,12101.07436371925,0.01,0.0
5,12101.07436371925,0.0,0.0
6,12101.07436371925,0.0,0.0
7,12101.07436371925,0.0,0.0
8,12101.07436371925,0.0,0.0
