,cost,final_depths,final_filling
0,157984.56953174088,0.02,0.0
1,157984.56953174088,0.08,0.01
2,157984.56953174088,0.05,0.0
3,157984.56953174088,0.05,0.0
4,157984.56953174088,0.01,0.0
5,157984.56953174088,0.0,0.0
6,157984.56953174088,0.0,0.0
7,157984.56953174088,0.0,0.0
8,157984.56953174088,0.0,0.0
