,cost,final_depths,final_filling
0,169097.1580202613,0.01,0.0
1,169097.1580202613,0.07,0.01
2,169097.1580202613,0.04,0.0
3,169097.1580202613,0.04,0.0
4,169097.1580202613,0.01,0.0
5,169097.1580202613,0.0,0.0
6,169097.1580202613,0.0,0.0
7,169097.1580202613,0.0,0.0
8,169097.1580202613,0.0,0.0
