,cost,final_depths,final_filling
0,46815.37457569794,0.02,0.0
1,46815.37457569794,0.09,0.01
2,46815.37457569794,0.06,0.01
3,46815.37457569794,0.06,0.01
4,46815.37457569794,0.01,0.0
5,46815.37457569794,0.0,0.0
6,46815.37457569794,0.0,0.0
7,46815.37457569794,0.0,0.0
8,46815.37457569794,0.0,0.0
