,cost,final_depths,final_filling
0,145573.11500695825,0.02,0.0
1,145573.11500695825,0.1,0.01
2,145573.11500695825,0.07,0.01
3,145573.11500695825,0.06,0.01
4,145573.11500695825,0.01,0.0
5,145573.11500695825,0.0,0.0
6,145573.11500695825,0.0,0.0
7,145573.11500695825,0.0,0.0
8,145573.11500695825,0.0,0.0
