,cost,final_depths,final_filling
0,16862.95998146327,0.02,0.0
1,16862.95998146327,0.09,0.01
2,16862.95998146327,0.06,0.01
3,16862.95998146327,0.05,0.0
4,16862.95998146327,0.01,0.0
5,16862.95998146327,0.0,0.0
6,16862.95998146327,0.0,0.0
7,16862.95998146327,0.0,0.0
8,16862.95998146327,0.0,0.0
