,cost,final_depths,final_filling
0,101228.33373476361,0.03,0.0
1,101228.33373476361,0.09,0.01
2,101228.33373476361,0.06,0.01
3,101228.33373476361,0.05,0.0
4,101228.33373476361,0.01,0.0
5,101228.33373476361,0.0,0.0
6,101228.33373476361,0.0,0.0
7,101228.33373476361,0.0,0.0
8,101228.33373476361,0.0,0.0
