,cost,final_depths,final_filling
0,117134.41665265542,0.02,0.0
1,117134.41665265542,0.07,0.01
2,117134.41665265542,0.05,0.0
3,117134.41665265542,0.04,0.0
4,117134.41665265542,0.01,0.0
5,117134.41665265542,0.0,0.0
6,117134.41665265542,0.0,0.0
7,117134.41665265542,0.0,0.0
8,117134.41665265542,0.0,0.0
