,cost,final_depths,final_filling
0,117865.35884572148,0.02,0.0
1,117865.35884572148,0.09,0.01
2,117865.35884572148,0.06,0.01
3,117865.35884572148,0.05,0.0
4,117865.35884572148,0.01,0.0
5,117865.35884572148,0.0,0.0
6,117865.35884572148,0.0,0.0
7,117865.35884572148,0.0,0.0
8,117865.35884572148,0.0,0.0
