,cost,final_depths,flow_cost,op_bounds_cost,exceedance_cost,flood_cost
0,50639842924.55166,3.66,0,192103.76707902973,23142.90240263158,0
1,50639842924.55166,10.15,0,192103.76707902973,23142.90240263158,0
2,50639842924.55166,5.51,0,192103.76707902973,23142.90240263158,0
3,50639842924.55166,4.88,0,192103.76707902973,23142.90240263158,0
4,50639842924.55166,5.54,0,192103.76707902973,23142.90240263158,0
5,50639842924.55166,6.56,0,192103.76707902973,23142.90240263158,0
