,cost,final_depths,flow_cost,op_bounds_cost,exceedance_cost,flood_cost
0,133478.44453448462,3.52,102486.7158794376,2860.552261792794,0.0,0
1,133478.44453448462,6.59,102486.7158794376,2860.552261792794,0.0,0
2,133478.44453448462,5.6,102486.7158794376,2860.552261792794,0.0,0
3,133478.44453448462,5.03,102486.7158794376,2860.552261792794,0.0,0
4,133478.44453448462,5.54,102486.7158794376,2860.552261792794,0.0,0
5,133478.44453448462,6.56,102486.7158794376,2860.552261792794,0.0,0
