,cost,final_depths,flow_cost,op_bounds_cost,exceedance_cost,flood_cost
0,135501.0592244704,3.26,129330.43575972981,387.4460273986304,0.0,0
1,135501.0592244704,4.18,129330.43575972981,387.4460273986304,0.0,0
2,135501.0592244704,5.47,129330.43575972981,387.4460273986304,0.0,0
3,135501.0592244704,4.63,129330.43575972981,387.4460273986304,0.0,0
4,135501.0592244704,5.54,129330.43575972981,387.4460273986304,0.0,0
5,135501.0592244704,6.56,129330.43575972981,387.4460273986304,0.0,0
