,cost,final_depths,flow_cost,op_bounds_cost,exceedance_cost,flood_cost
0,34207191233.093468,3.66,0,146667.03422588864,14896.568837722903,0
1,34207191233.093468,10.14,0,146667.03422588864,14896.568837722903,0
2,34207191233.093468,5.53,0,146667.03422588864,14896.568837722903,0
3,34207191233.093468,4.83,0,146667.03422588864,14896.568837722903,0
4,34207191233.093468,5.54,0,146667.03422588864,14896.568837722903,0
5,34207191233.093468,6.56,0,146667.03422588864,14896.568837722903,0
