,cost,final_depths,flow_cost,op_bounds_cost,exceedance_cost,flood_cost
0,30419870119.551308,3.62,0,162546.06757834036,12836.42051699562,0
1,30419870119.551308,10.09,0,162546.06757834036,12836.42051699562,0
2,30419870119.551308,5.56,0,162546.06757834036,12836.42051699562,0
3,30419870119.551308,5.0,0,162546.06757834036,12836.42051699562,0
4,30419870119.551308,5.63,0,162546.06757834036,12836.42051699562,0
5,30419870119.551308,6.56,0,162546.06757834036,12836.42051699562,0
