,cost,final_depths,flow_cost,op_bounds_cost,exceedance_cost,flood_cost
0,1962541.9423544363,3.39,102220.140935088,15863.981232208655,0.0,0
1,1962541.9423544363,7.85,102220.140935088,15863.981232208655,0.0,0
2,1962541.9423544363,5.56,102220.140935088,15863.981232208655,0.0,0
3,1962541.9423544363,4.98,102220.140935088,15863.981232208655,0.0,0
4,1962541.9423544363,5.63,102220.140935088,15863.981232208655,0.0,0
5,1962541.9423544363,6.56,102220.140935088,15863.981232208655,0.0,0
