,cost,final_depths,flow_cost,op_bounds_cost,exceedance_cost,flood_cost
0,1455471961.262644,3.2,118649.8170556382,97134.40357743339,0.0,0
1,1455471961.262644,8.98,118649.8170556382,97134.40357743339,0.0,0
2,1455471961.262644,5.18,118649.8170556382,97134.40357743339,0.0,0
3,1455471961.262644,4.29,118649.8170556382,97134.40357743339,0.0,0
4,1455471961.262644,5.55,118649.8170556382,97134.40357743339,0.0,0
5,1455471961.262644,6.56,118649.8170556382,97134.40357743339,0.0,0
