,cost,final_depths,flow_cost,op_bounds_cost,exceedance_cost,flood_cost
0,144901.93981648804,3.51,84429.8173379164,4825.946875011108,0.0,0
1,144901.93981648804,6.99,84429.8173379164,4825.946875011108,0.0,0
2,144901.93981648804,5.55,84429.8173379164,4825.946875011108,0.0,0
3,144901.93981648804,4.98,84429.8173379164,4825.946875011108,0.0,0
4,144901.93981648804,5.54,84429.8173379164,4825.946875011108,0.0,0
5,144901.93981648804,6.56,84429.8173379164,4825.946875011108,0.0,0
