,cost,final_depths,flow_cost,op_bounds_cost,exceedance_cost,flood_cost
0,589765286.4415513,3.57,34387.122566385304,64440.52853998852,0.0,0
1,589765286.4415513,8.96,34387.122566385304,64440.52853998852,0.0,0
2,589765286.4415513,5.56,34387.122566385304,64440.52853998852,0.0,0
3,589765286.4415513,5.0,34387.122566385304,64440.52853998852,0.0,0
4,589765286.4415513,5.63,34387.122566385304,64440.52853998852,0.0,0
5,589765286.4415513,6.56,34387.122566385304,64440.52853998852,0.0,0
