,cost,final_depths,flow_cost,op_bounds_cost,exceedance_cost,flood_cost
0,384540.2744937402,3.25,300105.04367644835,1359.60491367302,0.0,0
1,384540.2744937402,4.2,300105.04367644835,1359.60491367302,0.0,0
2,384540.2744937402,5.19,300105.04367644835,1359.60491367302,0.0,0
3,384540.2744937402,4.38,300105.04367644835,1359.60491367302,0.0,0
4,384540.2744937402,5.56,300105.04367644835,1359.60491367302,0.0,0
5,384540.2744937402,6.56,300105.04367644835,1359.60491367302,0.0,0
