,cost,final_depths,flow_cost,op_bounds_cost,exceedance_cost,flood_cost
0,128878900.11851771,3.63,11381.136853686303,52921.96684517985,0.0,0
1,128878900.11851771,8.65,11381.136853686303,52921.96684517985,0.0,0
2,128878900.11851771,5.53,11381.136853686303,52921.96684517985,0.0,0
3,128878900.11851771,4.84,11381.136853686303,52921.96684517985,0.0,0
4,128878900.11851771,5.54,11381.136853686303,52921.96684517985,0.0,0
5,128878900.11851771,6.56,11381.136853686303,52921.96684517985,0.0,0
