,cost,final_depths,flow_cost,op_bounds_cost,exceedance_cost,flood_cost
0,83365.22782055543,3.7,58169.4966466951,2294.690049159518,0.0,0
1,83365.22782055543,6.34,58169.4966466951,2294.690049159518,0.0,0
2,83365.22782055543,5.6,58169.4966466951,2294.690049159518,0.0,0
3,83365.22782055543,5.03,58169.4966466951,2294.690049159518,0.0,0
4,83365.22782055543,5.54,58169.4966466951,2294.690049159518,0.0,0
5,83365.22782055543,6.56,58169.4966466951,2294.690049159518,0.0,0
