,cost,final_depths,flow_cost,op_bounds_cost,exceedance_cost,flood_cost
0,78985.8284572087,3.64,71088.20696722869,813.6211307957112,0.0,0
1,78985.8284572087,6.48,71088.20696722869,813.6211307957112,0.0,0
2,78985.8284572087,5.56,71088.20696722869,813.6211307957112,0.0,0
3,78985.8284572087,4.98,71088.20696722869,813.6211307957112,0.0,0
4,78985.8284572087,5.63,71088.20696722869,813.6211307957112,0.0,0
5,78985.8284572087,6.56,71088.20696722869,813.6211307957112,0.0,0
