,cost,final_depths,flow_cost,op_bounds_cost,exceedance_cost,flood_cost
0,55785.48042521368,3.6,28337.352791084355,2076.9745977689513,0.0,0
1,55785.48042521368,6.33,28337.352791084355,2076.9745977689513,0.0,0
2,55785.48042521368,5.56,28337.352791084355,2076.9745977689513,0.0,0
3,55785.48042521368,5.0,28337.352791084355,2076.9745977689513,0.0,0
4,55785.48042521368,5.54,28337.352791084355,2076.9745977689513,0.0,0
5,55785.48042521368,6.56,28337.352791084355,2076.9745977689513,0.0,0
