,cost,final_depths,flow_cost,op_bounds_cost,exceedance_cost,flood_cost
0,177510.89331708505,3.69,52815.56716103492,7275.411395416799,0.0,0
1,177510.89331708505,4.95,52815.56716103492,7275.411395416799,0.0,0
2,177510.89331708505,5.5,52815.56716103492,7275.411395416799,0.0,0
3,177510.89331708505,5.16,52815.56716103492,7275.411395416799,0.0,0
4,177510.89331708505,5.53,52815.56716103492,7275.411395416799,0.0,0
5,177510.89331708505,6.56,52815.56716103492,7275.411395416799,0.0,0
