,cost,final_depths
0,2411900.7234979784,5.4134293204145045
1,2411900.7234979784,4.4817407626577435
2,2411900.7234979784,1.5865236201841744
3,2411900.7234979784,0.4636923034826176
4,2411900.7234979784,5.9559999999999995
5,2411900.7234979784,7.87857171414371
6,2411900.7234979784,3.446827448855235
