,cost,final_depths,flow_cost,op_bounds_cost,exceedance_cost,flood_cost
0,104182.60218535358,3.66,90078.05084556452,1395.1148044060128,0.0,0
1,104182.60218535358,5.21,90078.05084556452,1395.1148044060128,0.0,0
2,104182.60218535358,5.56,90078.05084556452,1395.1148044060128,0.0,0
3,104182.60218535358,5.0,90078.05084556452,1395.1148044060128,0.0,0
4,104182.60218535358,5.63,90078.05084556452,1395.1148044060128,0.0,0
5,104182.60218535358,6.56,90078.05084556452,1395.1148044060128,0.0,0
