,cost,final_depths,flow_cost,op_bounds_cost,exceedance_cost,flood_cost
0,192780.85898790884,3.21,164266.77098889693,1455.7768770595499,0.0,0
1,192780.85898790884,5.04,164266.77098889693,1455.7768770595499,0.0,0
2,192780.85898790884,5.41,164266.77098889693,1455.7768770595499,0.0,0
3,192780.85898790884,4.54,164266.77098889693,1455.7768770595499,0.0,0
4,192780.85898790884,5.54,164266.77098889693,1455.7768770595499,0.0,0
5,192780.85898790884,6.56,164266.77098889693,1455.7768770595499,0.0,0
