,cost,final_depths,flow_cost,op_bounds_cost,exceedance_cost,flood_cost
0,60331.81531209302,3.46,60331.81531209324,0.0,0.0,0
1,60331.81531209302,5.16,60331.81531209324,0.0,0.0,0
2,60331.81531209302,5.51,60331.81531209324,0.0,0.0,0
3,60331.81531209302,4.82,60331.81531209324,0.0,0.0,0
4,60331.81531209302,5.54,60331.81531209324,0.0,0.0,0
5,60331.81531209302,6.56,60331.81531209324,0.0,0.0,0
