,cost,final_depths,flow_cost,op_bounds_cost,exceedance_cost,flood_cost
0,99420.66349978882,3.69,72932.31661249872,2449.7251599625215,0.0,0
1,99420.66349978882,5.22,72932.31661249872,2449.7251599625215,0.0,0
2,99420.66349978882,5.6,72932.31661249872,2449.7251599625215,0.0,0
3,99420.66349978882,5.03,72932.31661249872,2449.7251599625215,0.0,0
4,99420.66349978882,5.54,72932.31661249872,2449.7251599625215,0.0,0
5,99420.66349978882,6.56,72932.31661249872,2449.7251599625215,0.0,0
