,cost,final_depths,flow_cost,op_bounds_cost,exceedance_cost,flood_cost
0,296810.6464527422,3.37,224344.3886097676,4798.041302199109,0.0,0
1,296810.6464527422,5.14,224344.3886097676,4798.041302199109,0.0,0
2,296810.6464527422,5.3,224344.3886097676,4798.041302199109,0.0,0
3,296810.6464527422,5.12,224344.3886097676,4798.041302199109,0.0,0
4,296810.6464527422,5.54,224344.3886097676,4798.041302199109,0.0,0
5,296810.6464527422,6.56,224344.3886097676,4798.041302199109,0.0,0
