,cost,final_depths,flow_cost,op_bounds_cost,exceedance_cost,flood_cost
0,18379.577131091704,3.62,2173.54995433267,1349.3199105512385,0.0,0
1,18379.577131091704,6.53,2173.54995433267,1349.3199105512385,0.0,0
2,18379.577131091704,5.56,2173.54995433267,1349.3199105512385,0.0,0
3,18379.577131091704,5.0,2173.54995433267,1349.3199105512385,0.0,0
4,18379.577131091704,5.54,2173.54995433267,1349.3199105512385,0.0,0
5,18379.577131091704,6.56,2173.54995433267,1349.3199105512385,0.0,0
