,cost,final_depths,flow_cost,op_bounds_cost,exceedance_cost,flood_cost
0,9684.547345463168,3.69,1085.61755266262,783.3780640845517,0.0,0
1,9684.547345463168,6.39,1085.61755266262,783.3780640845517,0.0,0
2,9684.547345463168,5.56,1085.61755266262,783.3780640845517,0.0,0
3,9684.547345463168,5.0,1085.61755266262,783.3780640845517,0.0,0
4,9684.547345463168,5.63,1085.61755266262,783.3780640845517,0.0,0
5,9684.547345463168,6.56,1085.61755266262,783.3780640845517,0.0,0
