,cost,final_depths,flow_cost,op_bounds_cost,exceedance_cost,flood_cost
0,367957.11942575034,3.45,27616.347643666835,18804.249467515558,0.190383967761118,0
1,367957.11942575034,7.05,27616.347643666835,18804.249467515558,0.190383967761118,0
2,367957.11942575034,5.6,27616.347643666835,18804.249467515558,0.190383967761118,0
3,367957.11942575034,4.8,27616.347643666835,18804.249467515558,0.190383967761118,0
4,367957.11942575034,5.54,27616.347643666835,18804.249467515558,0.190383967761118,0
5,367957.11942575034,6.56,27616.347643666835,18804.249467515558,0.190383967761118,0
