,cost,final_depths,flow_cost,op_bounds_cost,exceedance_cost,flood_cost
0,20816.5807683104,3.73,2847.401008230145,1544.1822403313822,0.0,0
1,20816.5807683104,5.95,2847.401008230145,1544.1822403313822,0.0,0
2,20816.5807683104,5.6,2847.401008230145,1544.1822403313822,0.0,0
3,20816.5807683104,5.03,2847.401008230145,1544.1822403313822,0.0,0
4,20816.5807683104,5.54,2847.401008230145,1544.1822403313822,0.0,0
5,20816.5807683104,6.56,2847.401008230145,1544.1822403313822,0.0,0
