,cost,final_depths,flow_cost,op_bounds_cost,exceedance_cost,flood_cost
0,338750.32925670396,3.41,266284.31071733887,4798.0292254819,0.0,0
1,338750.32925670396,3.09,266284.31071733887,4798.0292254819,0.0,0
2,338750.32925670396,5.3,266284.31071733887,4798.0292254819,0.0,0
3,338750.32925670396,5.12,266284.31071733887,4798.0292254819,0.0,0
4,338750.32925670396,5.54,266284.31071733887,4798.0292254819,0.0,0
5,338750.32925670396,6.56,266284.31071733887,4798.0292254819,0.0,0
