,cost,final_depths,flow_cost,op_bounds_cost,exceedance_cost,flood_cost
0,7669.819590948283,3.74,1130.0532307085145,806.1131024542186,0.0,0
1,7669.819590948283,5.79,1130.0532307085145,806.1131024542186,0.0,0
2,7669.819590948283,5.59,1130.0532307085145,806.1131024542186,0.0,0
3,7669.819590948283,4.9,1130.0532307085145,806.1131024542186,0.0,0
4,7669.819590948283,5.54,1130.0532307085145,806.1131024542186,0.0,0
5,7669.819590948283,6.56,1130.0532307085145,806.1131024542186,0.0,0
