,cost,final_depths,flow_cost,op_bounds_cost,exceedance_cost,flood_cost
0,44954.354803514376,3.24,32075.619304677344,757.658516774669,0.0,0
1,44954.354803514376,6.42,32075.619304677344,757.658516774669,0.0,0
2,44954.354803514376,5.41,32075.619304677344,757.658516774669,0.0,0
3,44954.354803514376,4.54,32075.619304677344,757.658516774669,0.0,0
4,44954.354803514376,5.54,32075.619304677344,757.658516774669,0.0,0
5,44954.354803514376,6.56,32075.619304677344,757.658516774669,0.0,0
