,cost,final_depths,flow_cost,op_bounds_cost,exceedance_cost,flood_cost
0,87273.07861378399,3.63,14672.642353182855,4601.574059290862,0.0,0
1,87273.07861378399,5.81,14672.642353182855,4601.574059290862,0.0,0
2,87273.07861378399,5.42,14672.642353182855,4601.574059290862,0.0,0
3,87273.07861378399,5.07,14672.642353182855,4601.574059290862,0.0,0
4,87273.07861378399,5.59,14672.642353182855,4601.574059290862,0.0,0
5,87273.07861378399,6.56,14672.642353182855,4601.574059290862,0.0,0
