,cost,final_depths,flow_cost,op_bounds_cost,exceedance_cost,flood_cost
0,34466.77509240109,3.25,24508.171893421764,587.0602139023608,0.0,0
1,34466.77509240109,6.47,24508.171893421764,587.0602139023608,0.0,0
2,34466.77509240109,5.39,24508.171893421764,587.0602139023608,0.0,0
3,34466.77509240109,4.51,24508.171893421764,587.0602139023608,0.0,0
4,34466.77509240109,5.54,24508.171893421764,587.0602139023608,0.0,0
5,34466.77509240109,6.56,24508.171893421764,587.0602139023608,0.0,0
