,cost,final_depths,flow_cost,op_bounds_cost,exceedance_cost,flood_cost
0,840.1432804951243,3.49,840.1432804951244,0.0,0.0,0
1,840.1432804951243,6.09,840.1432804951244,0.0,0.0,0
2,840.1432804951243,5.51,840.1432804951244,0.0,0.0,0
3,840.1432804951243,4.82,840.1432804951244,0.0,0.0,0
4,840.1432804951243,5.54,840.1432804951244,0.0,0.0,0
5,840.1432804951243,6.56,840.1432804951244,0.0,0.0,0
