,cost,final_depths,flow_cost,op_bounds_cost,exceedance_cost,flood_cost
0,7669.819590948282,3.74,1130.053230708514,806.1131024542186,0.0,0
1,7669.819590948282,5.79,1130.053230708514,806.1131024542186,0.0,0
2,7669.819590948282,5.59,1130.053230708514,806.1131024542186,0.0,0
3,7669.819590948282,4.9,1130.053230708514,806.1131024542186,0.0,0
4,7669.819590948282,5.54,1130.053230708514,806.1131024542186,0.0,0
5,7669.819590948282,6.56,1130.053230708514,806.1131024542186,0.0,0
