,cost,final_depths,final_filling
0,822974.1399195644,0.03,0.0
1,822974.1399195644,0.11,0.01
2,822974.1399195644,0.08,0.01
3,822974.1399195644,0.05,0.0
4,822974.1399195644,0.01,0.0
5,822974.1399195644,0.0,0.0
6,822974.1399195644,0.0,0.0
7,822974.1399195644,0.0,0.0
8,822974.1399195644,0.0,0.0
