,cost,final_depths,final_filling
0,136376.6684812425,0.02,0.0
1,136376.6684812425,0.1,0.01
2,136376.6684812425,0.07,0.01
3,136376.6684812425,0.05,0.0
4,136376.6684812425,0.01,0.0
5,136376.6684812425,0.0,0.0
6,136376.6684812425,0.0,0.0
7,136376.6684812425,0.0,0.0
8,136376.6684812425,0.0,0.0
