,cost,final_depths,final_filling
0,838424.3888079667,0.03,0.0
1,838424.3888079667,0.1,0.01
2,838424.3888079667,0.07,0.01
3,838424.3888079667,0.06,0.01
4,838424.3888079667,0.01,0.0
5,838424.3888079667,0.0,0.0
6,838424.3888079667,0.0,0.0
7,838424.3888079667,0.0,0.0
8,838424.3888079667,0.0,0.0
