,cost,final_depths,final_filling
0,397327000000000.0,29.0,1.0
1,397327000000000.0,29.4,1.0
2,397327000000000.0,33.1,1.0
3,397327000000000.0,1.535196497254796,0.031983260359474915
4,397327000000000.0,23.059408544660258,0.4192619735392774
5,397327000000000.0,23.659435676235514,0.4506559176425812
6,397327000000000.0,45.6,1.0
7,397327000000000.0,41.2,1.0
8,397327000000000.0,42.96145380743384,0.9258934010222811
9,397327000000000.0,22.9,1.0
10,397327000000000.0,27.80128084697874,0.9619820362276381
