,cost,final_depths,final_filling
0,3730.6790781119,0.06,0.01
1,3730.6790781119,0.04,0.01
2,3730.6790781119,0.04,0.01
3,3730.6790781119,0.05,0.01
4,3730.6790781119,0.04,0.01
5,3730.6790781119,0.0,0.0
6,3730.6790781119,0.0,0.0
7,3730.6790781119,0.0,0.0
8,3730.6790781119,0.01,0.0
9,3730.6790781119,0.05,0.0
10,3730.6790781119,0.01,0.0
11,3730.6790781119,0.01,0.0
12,3730.6790781119,0.0,0.0
13,3730.6790781119,0.0,0.0
14,3730.6790781119,5.0,0.42
15,3730.6790781119,0.0,0.0
16,3730.6790781119,0.0,0.0
