,cost,final_depths
0,25.819098960828413,8.671324422609128
1,25.819098960828413,8.80024301755978
2,25.819098960828413,14.023108366802331
3,25.819098960828413,9.743690381627914
4,25.819098960828413,3.6808424397622783
5,25.819098960828413,1.8021900203277355
6,25.819098960828413,1.9051700473558006
7,25.819098960828413,1.232872984108678
8,25.819098960828413,13.39918582868372
9,25.819098960828413,0.8469427774004821
10,25.819098960828413,2.5460464481433385
