,cost,final_depths
0,0.0,3.5211685323495123
1,0.0,4.547230948151615
2,0.0,12.726255781651673
3,0.0,3.12370507981922
4,0.0,2.2339527830227226
5,0.0,1.81052010843397
6,0.0,1.9119648042030883
7,0.0,1.2914981062596202
8,0.0,9.383199299557962
9,0.0,0.8787583533324113
10,0.0,2.5814073559775164
