,cost,final_depths
0,2495693.609928444,5.405381050173165
1,2495693.609928444,4.780296126031981
2,2495693.609928444,3.440541960295234
3,2495693.609928444,2.313613287537461
4,2495693.609928444,5.9559999999999995
5,2495693.609928444,8.169600007258168
6,2495693.609928444,5.30764558247037
